hostname,category,bkp_tags_1,migration_tags
staging-000586,cohesity,DB-Prod,Wave1
staging-000585,cohesity,DB-NProd,Wave2
staging-000584,cohesity,NonDB-Prod,Wave3
staging-000386,cohesity,NonDB-NProd,Wave1
staging-000379,cohesity,NonDB-Prod-XL,Wave2
staging-000382,cohesity,NonDB-Nprod-XL,Wave3
staging-000380,cohesity,NonDB-Prod-FS,Wave1
staging-000583,cohesity,NonDB-Nprod-FS,Wave2
staging-000578,cohesity,DB-Prod,Wave3
staging-000506,cohesity,DB-NProd,Wave1
staging-000480,cohesity,NonDB-Prod,Wave2
staging-000544,cohesity,NonDB-NProd,Wave3
staging-000508,cohesity,NonDB-Prod-XL,Wave1
staging-000524,cohesity,NonDB-Nprod-XL,Wave2
staging-000496,cohesity,NonDB-Prod-FS,Wave3
staging-000530,cohesity,NonDB-Nprod-FS,Wave1
staging-000510,cohesity,DB-Prod,Wave2
staging-000528,cohesity,DB-NProd,Wave3
staging-000413,cohesity,NonDB-Prod,Wave1
staging-000546,cohesity,NonDB-NProd,Wave2
staging-000557,cohesity,NonDB-Prod-XL,Wave3
staging-000533,cohesity,NonDB-Nprod-XL,Wave1
staging-000541,cohesity,NonDB-Prod-FS,Wave2
staging-000395,cohesity,NonDB-Nprod-FS,Wave3
staging-000435,cohesity,DB-Prod,Wave1
staging-000493,cohesity,DB-NProd,Wave2
staging-000470,cohesity,NonDB-Prod,Wave3
staging-000485,cohesity,NonDB-NProd,Wave1
staging-000501,cohesity,NonDB-Prod-XL,Wave2
staging-000571,cohesity,NonDB-Nprod-XL,Wave3
staging-000407,cohesity,NonDB-Prod-FS,Wave1
staging-000468,cohesity,NonDB-Nprod-FS,Wave2
staging-000572,cohesity,DB-Prod,Wave3
staging-000438,cohesity,DB-NProd,Wave1
staging-000573,cohesity,NonDB-Prod,Wave2
staging-000478,cohesity,NonDB-NProd,Wave3
staging-000481,cohesity,NonDB-Prod-XL,Wave1
staging-000449,cohesity,NonDB-Nprod-XL,Wave2
staging-000473,cohesity,NonDB-Prod-FS,Wave3
staging-000475,cohesity,NonDB-Nprod-FS,Wave1
staging-000566,cohesity,DB-Prod,Wave2
staging-000514,cohesity,DB-NProd,Wave3
staging-000464,cohesity,NonDB-Prod,Wave1
staging-000405,cohesity,NonDB-NProd,Wave2
staging-000499,cohesity,NonDB-Prod-XL,Wave3
staging-000408,cohesity,NonDB-Nprod-XL,Wave1
staging-000390,cohesity,NonDB-Prod-FS,Wave2
staging-000308,cohesity,NonDB-Nprod-FS,Wave3
staging-000325,cohesity,DB-Prod,Wave1
staging-000339,cohesity,DB-NProd,Wave2
staging-000412,cohesity,NonDB-Prod,Wave3
staging-000484,cohesity,NonDB-NProd,Wave1
staging-000329,cohesity,NonDB-Prod-XL,Wave2
staging-000363,cohesity,NonDB-Nprod-XL,Wave3
staging-000414,cohesity,NonDB-Prod-FS,Wave1
staging-000543,cohesity,NonDB-Nprod-FS,Wave2
staging-000358,cohesity,DB-Prod,Wave3
staging-000309,cohesity,DB-NProd,Wave1
staging-000534,cohesity,NonDB-Prod,Wave2
staging-000489,cohesity,NonDB-NProd,Wave3
staging-000455,cohesity,NonDB-Prod-XL,Wave1
staging-000513,cohesity,NonDB-Nprod-XL,Wave2
staging-000431,cohesity,NonDB-Prod-FS,Wave3
staging-000417,cohesity,NonDB-Nprod-FS,Wave1
staging-000556,cohesity,DB-Prod,Wave2
staging-000486,cohesity,DB-NProd,Wave3
staging-000349,cohesity,NonDB-Prod,Wave1
staging-000351,cohesity,NonDB-NProd,Wave2
staging-000425,cohesity,NonDB-Prod-XL,Wave3
staging-000491,cohesity,NonDB-Nprod-XL,Wave1
staging-000337,cohesity,NonDB-Prod-FS,Wave2
staging-000236,cohesity,NonDB-Nprod-FS,Wave3
staging-000300,cohesity,DB-Prod,Wave1
staging-000302,cohesity,DB-NProd,Wave2
staging-000394,cohesity,NonDB-Prod,Wave3
staging-000536,cohesity,NonDB-NProd,Wave1
staging-000388,cohesity,NonDB-Prod-XL,Wave2
staging-000454,cohesity,NonDB-Nprod-XL,Wave3
staging-000538,cohesity,NonDB-Prod-FS,Wave1
staging-000498,cohesity,NonDB-Nprod-FS,Wave2
staging-000398,cohesity,DB-Prod,Wave3
staging-000516,cohesity,DB-NProd,Wave1
staging-000472,cohesity,NonDB-Prod,Wave2
staging-000442,cohesity,NonDB-NProd,Wave3
staging-000448,cohesity,NonDB-Prod-XL,Wave1
staging-000404,cohesity,NonDB-Nprod-XL,Wave2
staging-000422,cohesity,NonDB-Prod-FS,Wave3
staging-000552,cohesity,NonDB-Nprod-FS,Wave1
staging-000518,cohesity,DB-Prod,Wave2
staging-000463,cohesity,DB-NProd,Wave3
staging-000535,cohesity,NonDB-Prod,Wave1
staging-000430,cohesity,NonDB-NProd,Wave2
staging-000483,cohesity,NonDB-Prod-XL,Wave3
staging-000440,cohesity,NonDB-Nprod-XL,Wave1
staging-000383,cohesity,NonDB-Prod-FS,Wave2
staging-000548,cohesity,NonDB-Nprod-FS,Wave3
staging-000439,cohesity,DB-Prod,Wave1
staging-000579,cohesity,DB-NProd,Wave2
staging-000563,cohesity,NonDB-Prod,Wave3
staging-000427,cohesity,NonDB-NProd,Wave1
staging-000522,cohesity,NonDB-Prod-XL,Wave2
staging-000531,cohesity,NonDB-Nprod-XL,Wave3
staging-000436,cohesity,NonDB-Prod-FS,Wave1
staging-000561,cohesity,NonDB-Nprod-FS,Wave2
staging-000575,cohesity,DB-Prod,Wave3
staging-000446,cohesity,DB-NProd,Wave1
staging-000502,cohesity,NonDB-Prod,Wave2
staging-000560,cohesity,NonDB-NProd,Wave3
staging-000418,cohesity,NonDB-Prod-XL,Wave1
staging-000568,cohesity,NonDB-Nprod-XL,Wave2
staging-000539,cohesity,NonDB-Prod,Wave2
staging-000469,cohesity,NonDB-NProd,Wave3
staging-000559,cohesity,NonDB-Prod-XL,Wave1
staging-000569,cohesity,NonDB-Nprod-XL,Wave2
staging-000393,cohesity,NonDB-Prod-XL,Wave2
staging-000401,cohesity,DB-Prod,Wave1
staging-000558,cohesity,DB-NProd,Wave2
staging-000526,cohesity,NonDB-Prod,Wave3
staging-000410,cohesity,NonDB-NProd,Wave1
staging-000392,cohesity,NonDB-Prod-XL,Wave2
staging-000551,cohesity,NonDB-Nprod-XL,Wave3
staging-000426,cohesity,NonDB-Prod-FS,Wave1
staging-000415,cohesity,NonDB-Nprod-FS,Wave2
staging-000547,cohesity,DB-Prod,Wave3
staging-000397,cohesity,DB-NProd,Wave1
staging-000335,cohesity,NonDB-Prod,Wave2
staging-000521,cohesity,NonDB-NProd,Wave3
staging-000357,cohesity,NonDB-Prod-XL,Wave1
staging-000296,cohesity,NonDB-Nprod-XL,Wave2
staging-000294,cohesity,NonDB-Prod-FS,Wave3
staging-000304,cohesity,NonDB-Nprod-FS,Wave1
staging-000554,cohesity,DB-Prod,Wave2
staging-000313,cohesity,DB-NProd,Wave3
staging-000284,cohesity,NonDB-Prod,Wave1
staging-000359,cohesity,NonDB-NProd,Wave2
staging-000462,cohesity,NonDB-Prod-XL,Wave3
staging-000403,cohesity,NonDB-Nprod-XL,Wave1
staging-000500,cohesity,NonDB-Prod-FS,Wave2
staging-000396,cohesity,NonDB-Nprod-FS,Wave3
staging-000311,cohesity,DB-Prod,Wave1
staging-000555,cohesity,DB-NProd,Wave2
staging-000361,cohesity,NonDB-Prod,Wave3
staging-000494,cohesity,NonDB-NProd,Wave1
staging-000570,cohesity,NonDB-Prod-XL,Wave2
staging-000576,cohesity,NonDB-Nprod-XL,Wave3
staging-000402,cohesity,NonDB-Prod-FS,Wave1
staging-000432,cohesity,NonDB-Nprod-FS,Wave2
staging-000523,cohesity,DB-Prod,Wave3
staging-000503,cohesity,DB-NProd,Wave1
staging-000487,cohesity,NonDB-Prod,Wave2
staging-000542,cohesity,NonDB-NProd,Wave3
staging-000517,cohesity,NonDB-Prod-XL,Wave1
staging-000495,cohesity,NonDB-Nprod-XL,Wave2
staging-000443,cohesity,NonDB-Prod-FS,Wave3
staging-000545,cohesity,NonDB-Nprod-FS,Wave1
staging-000387,cohesity,DB-Prod,Wave2
staging-000532,cohesity,DB-NProd,Wave3
staging-000515,cohesity,NonDB-Prod,Wave1
staging-000565,cohesity,NonDB-NProd,Wave2
staging-000479,cohesity,NonDB-Prod-XL,Wave3
staging-000512,cohesity,NonDB-Nprod-XL,Wave1
staging-000507,cohesity,NonDB-Prod-FS,Wave2
staging-000421,cohesity,NonDB-Nprod-FS,Wave3
staging-000453,cohesity,DB-Prod,Wave1
staging-000567,cohesity,DB-NProd,Wave2
staging-000419,cohesity,NonDB-Prod,Wave3
staging-000581,cohesity,NonDB-NProd,Wave1
staging-000564,cohesity,NonDB-Prod-XL,Wave2
staging-000482,cohesity,NonDB-Nprod-XL,Wave3
staging-000298,cohesity,NonDB-Prod-FS,Wave1
staging-000384,cohesity,NonDB-Nprod-FS,Wave2
staging-000360,cohesity,DB-Prod,Wave3
staging-000553,cohesity,DB-NProd,Wave1
staging-000529,cohesity,NonDB-Prod,Wave2
staging-000317,cohesity,NonDB-NProd,Wave3
staging-000331,cohesity,NonDB-Prod-XL,Wave1
staging-000282,cohesity,NonDB-Nprod-XL,Wave2
staging-000286,cohesity,NonDB-Prod-FS,Wave3
staging-000574,cohesity,NonDB-Nprod-FS,Wave1
staging-000288,cohesity,DB-Prod,Wave2
staging-000315,cohesity,DB-NProd,Wave3
staging-000327,cohesity,NonDB-Prod,Wave1
staging-000444,cohesity,NonDB-NProd,Wave2
staging-000290,cohesity,NonDB-Prod-XL,Wave3
staging-000333,cohesity,NonDB-Nprod-XL,Wave1
staging-000306,cohesity,NonDB-Prod-FS,Wave2
staging-000505,cohesity,NonDB-Nprod-FS,Wave3
staging-000347,cohesity,DB-Prod,Wave1
staging-000504,cohesity,DB-NProd,Wave2
staging-000527,cohesity,NonDB-Prod,Wave3
staging-000467,cohesity,NonDB-NProd,Wave1
staging-000466,cohesity,NonDB-Prod-XL,Wave2
staging-000241,cohesity,NonDB-Nprod-XL,Wave3
staging-000362,cohesity,NonDB-Prod-FS,Wave1
staging-000353,cohesity,NonDB-Nprod-FS,Wave2
staging-000471,cohesity,DB-Prod,Wave3
staging-000341,cohesity,DB-NProd,Wave1
staging-000520,cohesity,NonDB-Prod,Wave2
staging-000424,cohesity,NonDB-NProd,Wave3
staging-000474,cohesity,NonDB-Prod-XL,Wave1
staging-000550,cohesity,NonDB-Nprod-XL,Wave2
staging-000458,cohesity,NonDB-Prod-FS,Wave3
staging-000450,cohesity,NonDB-Nprod-FS,Wave1
staging-000445,cohesity,DB-Prod,Wave2
staging-000477,cohesity,DB-NProd,Wave3
staging-000406,cohesity,NonDB-Prod,Wave1
staging-000461,cohesity,NonDB-NProd,Wave2
staging-000509,cohesity,NonDB-Prod-XL,Wave3
staging-000433,cohesity,NonDB-Nprod-XL,Wave1
staging-000441,cohesity,NonDB-Prod-FS,Wave2
staging-000391,cohesity,NonDB-Nprod-FS,Wave3
staging-000429,cohesity,DB-Prod,Wave1
staging-000582,cohesity,DB-NProd,Wave2
staging-000399,cohesity,NonDB-Prod,Wave3
staging-000525,cohesity,NonDB-NProd,Wave1
staging-000428,cohesity,NonDB-Prod-XL,Wave2
staging-000457,cohesity,NonDB-Nprod-XL,Wave3
staging-000476,cohesity,NonDB-Prod-FS,Wave1
staging-000451,cohesity,NonDB-Nprod-FS,Wave2
staging-000540,cohesity,DB-Prod,Wave3
staging-000381,cohesity,DB-NProd,Wave1
staging-000460,cohesity,NonDB-Prod,Wave2
staging-000420,cohesity,NonDB-NProd,Wave3
staging-000537,cohesity,NonDB-Prod-XL,Wave1
staging-000465,cohesity,NonDB-Nprod-XL,Wave2
staging-000423,cohesity,NonDB-Prod,Wave2
staging-000511,cohesity,NonDB-NProd,Wave3
staging-000434,cohesity,NonDB-Prod-XL,Wave1
staging-000497,cohesity,NonDB-Nprod-XL,Wave2
staging-000459,cohesity,NonDB-Prod-XL,Wave2
staging-000580,cohesity,DB-Prod,Wave1
staging-000389,cohesity,DB-NProd,Wave2
staging-000562,cohesity,NonDB-Prod,Wave3
staging-000492,cohesity,NonDB-NProd,Wave1
staging-000409,cohesity,NonDB-Prod-XL,Wave2
staging-000354,cohesity,NonDB-Nprod-XL,Wave3
staging-000352,cohesity,NonDB-Prod-FS,Wave1
staging-000488,cohesity,NonDB-Nprod-FS,Wave2
staging-000385,cohesity,DB-Prod,Wave3
staging-000456,cohesity,DB-NProd,Wave1
staging-000364,cohesity,NonDB-Prod,Wave2
staging-000519,cohesity,NonDB-NProd,Wave3
staging-000321,cohesity,NonDB-Prod-XL,Wave1
staging-000345,cohesity,NonDB-Nprod-XL,Wave2
staging-000280,cohesity,NonDB-Prod-FS,Wave3
staging-000319,cohesity,NonDB-Nprod-FS,Wave1
staging-000577,cohesity,DB-Prod,Wave2
staging-000447,cohesity,DB-NProd,Wave3
staging-000323,cohesity,NonDB-Prod,Wave1
staging-000400,cohesity,NonDB-NProd,Wave2
staging-000549,cohesity,NonDB-Prod-XL,Wave3
staging-000411,cohesity,NonDB-Nprod-XL,Wave1
staging-000490,cohesity,NonDB-Prod-FS,Wave2
staging-000416,cohesity,NonDB-Nprod-FS,Wave3
staging-000452,cohesity,DB-Prod,Wave1
staging-000376,cohesity,DB-NProd,Wave2
staging-000355,cohesity,NonDB-Prod,Wave3
staging-000344,cohesity,NonDB-NProd,Wave1
staging-000292,cohesity,NonDB-Prod-XL,Wave2
staging-000356,cohesity,NonDB-Nprod-XL,Wave3
staging-000437,cohesity,NonDB-Prod-FS,Wave1
